<?xml version='1.0' encoding='UTF-8'?>
<!DOCTYPE hibernate-configuration PUBLIC
          "-//Hibernate/Hibernate Configuration DTD 3.0//EN"
          "http://hibernate.sourceforge.net/hibernate-configuration-3.0.dtd">	

<hibernate-configuration>

<session-factory>

	<property name="dialect">org.hibernate.dialect.OracleDialect</property>
		<property name="show_sql">true</property>
		<property name="hbm2ddl.auto">update</property>

		<mapping class="com.springhibernate.AdvertisementServices.entity.User"/>
		<mapping class="com.springhibernate.AdvertisementServices.entity.Categories"/>
		<mapping class="com.springhibernate.AdvertisementServices.entity.UserSession"/>
		<mapping class="com.springhibernate.AdvertisementServices.entity.Action"/>
		<mapping class="com.springhibernate.AdvertisementServices.entity.PostAd"/>
</session-factory>

</hibernate-configuration>
